{
  "baseline": {
    "per_channel_db": [
      3.977329429075831,
      4.863418319553459,
      3.485512067430526,
      3.744975119701208
    ],
    "average_db": 4.017808733940257
  },
  "yours": {
    "per_channel_db": [
      9.335797286527502,
      7.6630679232552,
      9.738574037960056,
      6.234341762867263
    ],
    "average_db": 8.242945252652504
  }
}